{"ringgold": {"pos": [597.81007, 1134.22734], "name": "Ringgold", "size": [133.93727, 126.01359999999988]}, "madison": {"pos": [666.65733, 912.46234], "name": "Madison", "size": [130.50323000000003, 136.04600000000005]}, "buchanan": {"pos": [1280.69475, 473.57809], "name": "Buchanan", "size": [139.67139999999995, 134.53281999999996]}, "appanoose": {"pos": [997.02935, 1130.17514], "name": "Appanoose", "size": [133.86660000000006, 120.6201000000001]}, "marion": {"pos": [929.68295, 910.82074], "name": "Marion", "size": [132.5304, 133.60519999999997]}, "harrison": {"pos": [129.63733, 771.49854], "name": "Harrison", "size": [179.40552, 142.71030000000007]}, "muscatine": {"pos": [1491.77555, 836.83944], "name": "Muscatine", "size": [167.5909999999999, 104.26580000000001]}, "warren": {"pos": [796.81614, 910.77694], "name": "Warren", "size": [133.31861000000004, 134.36059999999998]}, "louisa": {"pos": [1459.83635, 936.41054], "name": "Louisa", "size": [157.59760000000006, 133.33069999999998]}, "wright": {"pos": [748.43525, 377.54689], "name": "Wright", "size": [133.59266000000002, 134.32641]}, "wayne": {"pos": [864.05212, 1132.16154], "name": "Wayne", "size": [133.62623000000008, 121.99490000000003]}, "dickinson": {"pos": [355.37442, 107.08449], "name": "Dickinson", "size": [133.90214000000003, 97.39514]}, "worth": {"pos": [882.5411, 110.4068], "name": "Worth", "size": [132.04924999999992, 94.4083]}, "allamakee": {"pos": [1407.45775, 171.91211], "name": "Allamakee", "size": [154.23119999999994, 163.048]}, "iowa": {"pos": [1223.68895, 775.10974], "name": "Iowa", "size": [136.40869999999995, 136.42279999999994]}, "woodbury": {"pos": [36.24058, 501.33212], "name": "Woodbury", "size": [232.636, 141.67879]}, "guthrie": {"pos": [524.58672, 778.44114], "name": "Guthrie", "size": [144.13504999999998, 138.4171]}, "fremont": {"pos": [187.96789, 1124.76964], "name": "Fremont", "size": [150.07594999999998, 124.91430000000003]}, "hamilton": {"pos": [748.01292, 510.58679], "name": "Hamilton", "size": [143.72428000000002, 133.53709000000003]}, "emmet": {"pos": [487.76778, 108.99807], "name": "Emmet", "size": [132.80269999999996, 96.74235]}, "hardin": {"pos": [881.50887, 510.57871], "name": "Hardin", "size": [140.90758000000005, 133.15963]}, "adams": {"pos": [466.77786, 1008.20164], "name": "Adams", "size": [133.73001000000005, 100.76260000000002]}, "hancock": {"pos": [749.53153, 243.67242], "name": "Hancock", "size": [133.00957000000005, 134.05300999999997]}, "osceola": {"pos": [223.19419, 104.18993], "name": "Osceola", "size": [135.00132000000002, 97.84152]}, "greene": {"pos": [559.06467, 641.46624], "name": "Greene", "size": [133.59324000000004, 133.74203999999997]}, "chickasaw": {"pos": [1145.73465, 243.13099], "name": "Chickasaw", "size": [133.52329999999984, 118.97067]}, "clay": {"pos": [352.28509, 239.51765], "name": "Clay", "size": [135.48275999999998, 135.32187]}, "scott": {"pos": [1623.51785, 788.34054], "name": "Scott", "size": [167.55629999999996, 126.49509999999998]}, "page": {"pos": [333.81958, 1129.88844], "name": "Page", "size": [135.99734, 127.6620999999999]}, "jasper": {"pos": [923.98295, 777.95864], "name": "Jasper", "size": [170.3048, 135.87379999999996]}, "buena_vista": {"pos": [349.06024, 372.40342], "name": "Buena Vista", "size": [135.54888, 135.94069]}, "mahaska": {"pos": [1060.87705, 910.33074], "name": "Mahaska", "size": [133.7989, 134.53549999999996]}, "des_moines": {"pos": [1486.51745, 1078.87394], "name": "Des Moines", "size": [132.08169999999996, 144.7716999999999]}, "lyon": {"pos": [21.22001, 99.49146], "name": "Lyon", "size": [205.50565, 99.49146]}, "jackson": {"pos": [1617.93825, 567.18832], "name": "Jackson", "size": [214.64240000000018, 136.83531999999997]}, "polk": {"pos": [790.77456, 788.03194], "name": "Polk", "size": [138.95019000000002, 145.6975]}, "delaware": {"pos": [1415.00855, 471.68763], "name": "Delaware", "size": [137.78379999999993, 136.35535]}, "calhoun": {"pos": [482.02698, 508.7578], "name": "Calhoun", "size": [146.05884000000003, 136.35409999999996]}, "wapello": {"pos": [1127.64495, 1009.55674], "name": "Wapello", "size": [135.27419999999984, 102.17200000000003]}, "lee": {"pos": [1396.79075, 1203.83644], "name": "Lee", "size": [177.03480000000013, 167.37699999999995]}, "black_hawk": {"pos": [1147.65615, 475.37186], "name": "Black Hawk", "size": [139.94540000000006, 132.71191000000005]}, "clayton": {"pos": [1412.02455, 339.03642], "name": "Clayton", "size": [202.5534, 169.23206000000002]}, "decatur": {"pos": [729.99434, 1133.64164], "name": "Decatur", "size": [134.34867000000008, 123.67920000000004]}, "franklin": {"pos": [881.5005, 377.69327], "name": "Franklin", "size": [133.14615000000003, 134.12148]}, "audubon": {"pos": [424.71, 776.72634], "name": "Audubon", "size": [112.16339999999997, 139.0697]}, "davis": {"pos": [1129.69955, 1126.45574], "name": "Davis", "size": [134.93090000000007, 119.0390000000001]}, "ida": {"pos": [249.05561, 503.80488], "name": "Ida", "size": [118.13616000000002, 136.93744000000004]}, "pottawattamie": {"pos": [159.28343, 905.68834], "name": "Pottawattamie", "size": [247.06196, 138.27830000000006]}, "clinton": {"pos": [1621.10955, 680.94174], "name": "Clinton", "size": [216.1168, 121.27446999999995]}, "humboldt": {"pos": [615.2541, 343.93291], "name": "Humboldt", "size": [134.28143, 101.79391999999999]}, "marshall": {"pos": [957.12285, 642.54714], "name": "Marshall", "size": [133.00950000000012, 133.36666000000002]}, "washington": {"pos": [1326.55855, 905.93114], "name": "Washington", "size": [134.5902000000001, 135.18560000000002]}, "grundy": {"pos": [1014.59225, 509.81664], "name": "Grundy", "size": [140.08409999999992, 132.78142000000003]}, "monona": {"pos": [70.9565, 634.09134], "name": "Monona", "size": [195.13430999999997, 140.54627999999997]}, "story": {"pos": [824.25479, 642.54364], "name": "Story", "size": [133.28366000000005, 132.09398999999996]}, "van_buren": {"pos": [1262.91335, 1121.40684], "name": "Van Buren", "size": [135.9973, 116.1545000000001]}, "howard": {"pos": [1145.05195, 125.94848], "name": "Howard", "size": [132.5607, 112.06620000000001]}, "union": {"pos": [599.44681, 1010.54844], "name": "Union", "size": [132.97412999999995, 100.66010000000006]}, "tama": {"pos": [1088.29105, 642.09924], "name": "Tama", "size": [135.41200000000003, 167.61737]}, "butler": {"pos": [1014.47685, 377.56803], "name": "Butler", "size": [133.5245, 134.43272000000002]}, "crawford": {"pos": [261.59383, 637.66094], "name": "Crawford", "size": [168.34731999999997, 136.31786999999997]}, "poweshiek": {"pos": [1090.13445, 776.69234], "name": "Poweshiek", "size": [135.1373000000001, 136.1837999999999]}, "fayette": {"pos": [1278.71775, 342.64615], "name": "Fayette", "size": [136.30639999999994, 170.74294999999998]}, "linn": {"pos": [1353.81745, 638.68124], "name": "Linn", "size": [135.414, 168.64872000000003]}, "floyd": {"pos": [1014.55335, 243.61564], "name": "Floyd", "size": [132.5959999999999, 117.66409000000002]}, "keokuk": {"pos": [1192.58425, 908.44434], "name": "Keokuk", "size": [136.27139999999986, 135.28880000000004]}, "pocahontas": {"pos": [482.48056, 375.56097], "name": "Pocahontas", "size": [134.03966999999994, 136.04624]}, "lucas": {"pos": [863.47008, 1010.82404], "name": "Lucas", "size": [133.5921699999999, 100.28369999999995]}, "adair": {"pos": [534.39846, 910.71194], "name": "Adair", "size": [133.72996999999998, 133.98469999999998]}, "benton": {"pos": [1221.38915, 640.51624], "name": "Benton", "size": [135.51649999999995, 168.54424000000006]}, "plymouth": {"pos": [-0.0, 365.87105], "name": "Plymouth", "size": [220.71883, 139.54892000000004]}, "cass": {"pos": [403.35887, 908.68664], "name": "Cass", "size": [133.28415999999993, 134.60320000000002]}, "henry": {"pos": [1394.83025, 1037.96224], "name": "Henry", "size": [101.89249999999993, 134.63660000000004]}, "webster": {"pos": [615.11125, 509.88802], "name": "Webster", "size": [144.34024, 167.47962]},